{
	"tempHash": "002256A1669B2EC8",
	"tbluHash": "00DA10AB1E80F925",
	"rootEntity": "aa6b31cb3e12bdfc",
	"entities": {
		"6f6b9fcb92f1f588": {
			"parent": "9c92ced2ade2e4d6",
			"name": "ValueBool_Changed",
			"factory": "[assembly:/_pro/design/logic/valuebool.template?/valuebool_changed.entitytemplate].pc_entitytype",
			"blueprint": "[assembly:/_pro/design/logic/valuebool.template?/valuebool_changed.entitytemplate].pc_entityblueprint",
			"properties": {
				"m_rValueEntity": {
					"type": "SEntityTemplateReference",
					"value": "f4f993dcfcd4cac0",
					"postInit": true
				}
			},
			"events": { "OnFalse": { "SetTrue": ["8901d5367c8ce9c0"] } }
		},
		"bcaf5dd2cb080199": {
			"parent": "30421326019e4e2f",
			"name": "Active",
			"factory": "[assembly:/_pro/design/logic/valuebool.template?/valuebool_changed.entitytemplate].pc_entitytype",
			"blueprint": "[assembly:/_pro/design/logic/valuebool.template?/valuebool_changed.entitytemplate].pc_entityblueprint",
			"properties": {
				"m_rValueEntity": {
					"type": "SEntityTemplateReference",
					"value": "cdbcc86127940763",
					"postInit": true
				}
			},
			"events": {
				"OnTrue": {
					"SetHeroInvincible": ["d49bd6b4bdf0e156"],
					"SetHeroHidden": ["d49bd6b4bdf0e156"],
					"Activate": ["7abd2ed164431c64"],
					"HolsterEquipped": ["5dc5a744b4ca29cd"]
				},
				"OnFalse": {
					"SetHeroVulnerable": ["d49bd6b4bdf0e156"],
					"SetHeroVisible": ["d49bd6b4bdf0e156"],
					"Deactivate": ["7abd2ed164431c64"]
				}
			}
		},
		"30421326019e4e2f": {
			"parent": "aa6b31cb3e12bdfc",
			"name": "Crippling",
			"factory": "[modules:/zentity.class].pc_entitytype",
			"blueprint": "[modules:/zentity.class].pc_entityblueprint",
			"properties": {
				"Active": {
					"type": "SEntityTemplateReference",
					"value": "cdbcc86127940763",
					"postInit": true
				}
			},
			"propertyAliases": {
				"Active": [
					{
						"originalProperty": "m_rValueEntity",
						"originalEntity": "bcaf5dd2cb080199"
					}
				]
			}
		},
		"f8d600293cf1b7bc": {
			"parent": "6fa6ab3f3153c20d",
			"name": "Vendor is not greeting",
			"factory": "[modules:/zinvertedcondition.class].pc_entitytype",
			"blueprint": "[modules:/zinvertedcondition.class].pc_entityblueprint",
			"properties": {}
		},
		"d49bd6b4bdf0e156": {
			"parent": "30421326019e4e2f",
			"name": "AICrippleEntity",
			"factory": "[modules:/zaicrippleentity.class].pc_entitytype",
			"blueprint": "[modules:/zaicrippleentity.class].pc_entityblueprint"
		},
		"5dc5a744b4ca29cd": {
			"parent": "30421326019e4e2f",
			"name": "HeroInventoryAction",
			"factory": "[modules:/zheroinventoryaction.class].pc_entitytype",
			"blueprint": "[modules:/zheroinventoryaction.class].pc_entityblueprint"
		},
		"f4f993dcfcd4cac0": {
			"parent": "8000e6efcedde289",
			"name": "47 nearby",
			"factory": "[modules:/zspatialrangecondition.class].pc_entitytype",
			"blueprint": "[modules:/zspatialrangecondition.class].pc_entityblueprint",
			"properties": {
				"m_fDistance": { "type": "float32", "value": 4 },
				"m_rSpatial1": {
					"type": "SEntityTemplateReference",
					"value": null
				},
				"m_rSpatial2": {
					"type": "SEntityTemplateReference",
					"value": "d4d9095d24310d02",
					"postInit": true
				}
			}
		},
		"41ebf7da505cdb1f": {
			"parent": "ea274d3b30db53bd",
			"name": "Vendor wants to say goodbye",
			"factory": "[assembly:/_pro/design/logic/valuebool.template?/valuebool_basic.entitytemplate].pc_entitytype",
			"blueprint": "[assembly:/_pro/design/logic/valuebool.template?/valuebool_basic.entitytemplate].pc_entityblueprint"
		},
		"ea274d3b30db53bd": {
			"parent": "aa6b31cb3e12bdfc",
			"name": "47 interacted with vendor",
			"factory": "[assembly:/_pro/design/actor/spsystem.template?/enableconditions.entitytemplate].pc_entitytype",
			"blueprint": "[assembly:/_pro/design/actor/spsystem.template?/enableconditions.entitytemplate].pc_entityblueprint",
			"properties": {
				"m_aValues": {
					"type": "TArray<SEntityTemplateReference>",
					"value": ["4c58aca0de70a2b1"],
					"postInit": true
				}
			},
			"inputCopying": {
				"Enable": { "SetTrue": ["41ebf7da505cdb1f"] },
				"Disable": { "SetFalse": ["41ebf7da505cdb1f"] }
			}
		},
		"4c58aca0de70a2b1": {
			"parent": "ea274d3b30db53bd",
			"name": "Vendor ready to say goodbye",
			"factory": "[assembly:/_pro/design/logic/valuebool2.template?/valuebool_delayed.entitytemplate].pc_entitytype",
			"blueprint": "[assembly:/_pro/design/logic/valuebool2.template?/valuebool_delayed.entitytemplate].pc_entityblueprint",
			"properties": {
				"m_rValueEntity": {
					"type": "SEntityTemplateReference",
					"value": "41ebf7da505cdb1f"
				},
				"m_nDelayOnTrue": {
					"type": "float32",
					"value": 0.8999999761581421
				}
			}
		},
		"6ddeedf735bdc0ba": {
			"parent": "6fa6ab3f3153c20d",
			"name": "Vendor is not saying goodbye",
			"factory": "[modules:/zinvertedcondition.class].pc_entitytype",
			"blueprint": "[modules:/zinvertedcondition.class].pc_entityblueprint",
			"properties": {}
		},
		"7abd2ed164431c64": {
			"parent": "30421326019e4e2f",
			"name": "HM5CrippleBox",
			"factory": "[modules:/zhm5cripplebox.class].pc_entitytype",
			"blueprint": "[modules:/zhm5cripplebox.class].pc_entityblueprint",
			"properties": {
				"m_bInteractions": { "type": "bool", "value": false },
				"m_bPlaceItem": { "type": "bool", "value": false },
				"m_bThrowItem": { "type": "bool", "value": false },
				"m_bDragBody": { "type": "bool", "value": false },
				"m_bDropItem": { "type": "bool", "value": false },
				"m_bPickupItem": { "type": "bool", "value": false },
				"m_bKickVictimOverLedge": {
					"type": "bool",
					"value": false
				},
				"m_bPushVictimThroughWindowAndRail": {
					"type": "bool",
					"value": false
				},
				"m_bGrabVictim": { "type": "bool", "value": false },
				"m_bCloseCombat": { "type": "bool", "value": false },
				"m_bHideInCloset": { "type": "bool", "value": false },
				"m_bOperateCPDoor": { "type": "bool", "value": false },
				"m_bDumpBody": { "type": "bool", "value": false },
				"m_bThrowBodyOverRail": { "type": "bool", "value": false },
				"m_bClimbWindow": { "type": "bool", "value": false },
				"m_bFiberWireKill": { "type": "bool", "value": false },
				"m_bPullVictimFromWindow": {
					"type": "bool",
					"value": false
				},
				"m_bLadder": { "type": "bool", "value": false },
				"m_bTakeClothes": { "type": "bool", "value": false },
				"m_bCover": { "type": "bool", "value": false },
				"m_bLedges": { "type": "bool", "value": false },
				"m_bMovementAllowed": { "type": "bool", "value": false },
				"m_bFastWalk": { "type": "bool", "value": false },
				"m_bStandUp": { "type": "bool", "value": false },
				"m_bNoSnapSneak": { "type": "bool", "value": false },
				"m_bSneak": { "type": "bool", "value": false },
				"m_bTurn": { "type": "bool", "value": false },
				"m_bRun": { "type": "bool", "value": false },
				"m_bCanHolsterItems": { "type": "bool", "value": false },
				"m_bItems": { "type": "bool", "value": false },
				"m_bInstinct": { "type": "bool", "value": false },
				"m_bCoverToCover": { "type": "bool", "value": false },
				"m_bCoverScale": { "type": "bool", "value": false },
				"m_bCoverTakedown": { "type": "bool", "value": false },
				"m_bFire": { "type": "bool", "value": false },
				"m_bHairTrigger": { "type": "bool", "value": false },
				"m_bAim": { "type": "bool", "value": false },
				"m_bBlindFire": { "type": "bool", "value": false },
				"m_bCloseCombatFakeSwing": {
					"type": "bool",
					"value": false
				},
				"m_bCloseCombatStandard": {
					"type": "bool",
					"value": false
				},
				"m_bCloseCombatProps": { "type": "bool", "value": false },
				"m_bCloseCombatPistolFinish": {
					"type": "bool",
					"value": false
				},
				"m_bCloseCombatChoke": { "type": "bool", "value": false },
				"m_bCloseCombatSnapNeck": {
					"type": "bool",
					"value": false
				},
				"m_bCameraSide": { "type": "bool", "value": false }
			}
		},
		"bfc021574703d396": {
			"parent": "aa6b31cb3e12bdfc",
			"name": "AIModifierActor",
			"factory": "[modules:/zaimodifieractor.class].pc_entitytype",
			"blueprint": "[modules:/zaimodifieractor.class].pc_entityblueprint",
			"properties": {
				"m_bIgnoreSillyHitman": { "type": "bool", "value": true },
				"m_bIgnoreAnnoyingHitman": {
					"type": "bool",
					"value": true
				},
				"m_bIgnoreDistractions": { "type": "bool", "value": true },
				"m_bIgnoreAccidents": { "type": "bool", "value": true },
				"m_bIgnoreDeadBodies": { "type": "bool", "value": true },
				"m_bDisableDeadBodySensor": {
					"type": "bool",
					"value": true
				},
				"m_bIgnoreWeapons": { "type": "bool", "value": true },
				"m_bIgnoreTrespassing": { "type": "bool", "value": true },
				"m_bIgnoreLockdown": { "type": "bool", "value": true },
				"m_bDisableHelpCivilian": {
					"type": "bool",
					"value": true
				},
				"m_bNeverSpectate": { "type": "bool", "value": true },
				"m_bDeafAndBlind": { "type": "bool", "value": true },
				"m_bIgnoreLowNoise": { "type": "bool", "value": true },
				"m_bOneHitpoint": { "type": "bool", "value": true },
				"m_bBlockMelee": { "type": "bool", "value": true },
				"m_bBlockDeadlyThrow": { "type": "bool", "value": true },
				"m_pActor": {
					"type": "SEntityTemplateReference",
					"value": null
				}
			}
		},
		"8901d5367c8ce9c0": {
			"parent": "9c92ced2ade2e4d6",
			"name": "ValueBool_Basic",
			"factory": "[assembly:/_pro/design/logic/valuebool.template?/valuebool_basic.entitytemplate].pc_entitytype",
			"blueprint": "[assembly:/_pro/design/logic/valuebool.template?/valuebool_basic.entitytemplate].pc_entityblueprint",
			"properties": { "m_bValue": { "type": "bool", "value": true } }
		},
		"f068007a3272a8b8": {
			"parent": "aa6b31cb3e12bdfc",
			"name": "PriorityNode",
			"factory": "[modules:/zprioritynode.class].pc_entitytype",
			"blueprint": "[modules:/zprioritynode.class].pc_entityblueprint",
			"properties": {
				"m_aHigherPriority": {
					"type": "TArray<SEntityTemplateReference>",
					"value": [],
					"postInit": true
				}
			}
		},
		"be12e06dde77e509": {
			"parent": "aa6b31cb3e12bdfc",
			"name": "Not on cooldown",
			"factory": "[assembly:/_pro/design/logic/valuebool.template?/valuebool_timeout.entitytemplate].pc_entitytype",
			"blueprint": "[assembly:/_pro/design/logic/valuebool.template?/valuebool_timeout.entitytemplate].pc_entityblueprint",
			"properties": {
				"TimeoutValue": { "type": "bool", "value": true },
				"m_bValue": { "type": "bool", "value": true },
				"Timeout": { "type": "int32", "value": 2000 }
			}
		},
		"a4fbf545325bd596": {
			"parent": "8000e6efcedde289",
			"name": "Vendor wants to greet 47",
			"factory": "[assembly:/_pro/design/logic/valuebool.template?/valuebool_basic.entitytemplate].pc_entitytype",
			"blueprint": "[assembly:/_pro/design/logic/valuebool.template?/valuebool_basic.entitytemplate].pc_entityblueprint"
		},
		"9c92ced2ade2e4d6": {
			"parent": "aa6b31cb3e12bdfc",
			"name": "Hitman left vendor area",
			"factory": "[assembly:/_pro/design/actor/spsystem.template?/enableconditions.entitytemplate].pc_entitytype",
			"blueprint": "[assembly:/_pro/design/actor/spsystem.template?/enableconditions.entitytemplate].pc_entityblueprint",
			"properties": {
				"m_aValues": {
					"type": "TArray<SEntityTemplateReference>",
					"value": ["8901d5367c8ce9c0"],
					"postInit": true
				}
			},
			"inputCopying": {
				"greeted": { "SetFalse": ["8901d5367c8ce9c0"] }
			}
		},
		"4fabec4043aff6ac": {
			"parent": "aa6b31cb3e12bdfc",
			"name": "Ready to shop",
			"factory": "[assembly:/_pro/design/logic/valuebool2.template?/valuebool_delayed.entitytemplate].pc_entitytype",
			"blueprint": "[assembly:/_pro/design/logic/valuebool2.template?/valuebool_delayed.entitytemplate].pc_entityblueprint",
			"properties": {
				"m_nDelayOnTrue": { "type": "float32", "value": 0.5 }
			},
			"events": { "OnTrue": { "Signal": ["b5489cf46671c736"] } }
		},
		"321301c861a94250": {
			"parent": "8000e6efcedde289",
			"name": "Vendor can see 47",
			"factory": "[modules:/zactorcanseecondition.class].pc_entitytype",
			"blueprint": "[modules:/zactorcanseecondition.class].pc_entityblueprint",
			"properties": {
				"m_rActor": {
					"type": "SEntityTemplateReference",
					"value": null
				}
			}
		},
		"b5489cf46671c736": {
			"parent": "aa6b31cb3e12bdfc",
			"name": "Fire output once",
			"factory": "[assembly:/_pro/design/logic/signalpipes.template?/voidsignalonce_simple.entitytemplate].pc_entitytype",
			"blueprint": "[assembly:/_pro/design/logic/signalpipes.template?/voidsignalonce_simple.entitytemplate].pc_entityblueprint",
			"outputCopying": {
				"Out": { "Triggered": ["aa6b31cb3e12bdfc"] }
			}
		},
		"cdbcc86127940763": {
			"parent": "aa6b31cb3e12bdfc",
			"name": "47_isInteracting",
			"factory": "[assembly:/_pro/design/logic/valuebool.template?/valuebool_basic.entitytemplate].pc_entitytype",
			"blueprint": "[assembly:/_pro/design/logic/valuebool.template?/valuebool_basic.entitytemplate].pc_entityblueprint"
		},
		"d4d9095d24310d02": {
			"parent": "8000e6efcedde289",
			"name": "HeroRefenceSpatial",
			"factory": "[modules:/zheroreferencespatial.class].pc_entitytype",
			"blueprint": "[modules:/zheroreferencespatial.class].pc_entityblueprint",
			"properties": {
				"m_eidParent": {
					"type": "SEntityTemplateReference",
					"value": "aa6b31cb3e12bdfc",
					"postInit": true
				}
			}
		},
		"062760b6b2e5e3da": {
			"parent": "8000e6efcedde289",
			"name": "Vendor can see 47 nearby",
			"factory": "[assembly:/_pro/design/logic/valuebool.template?/valuebool_operation.entitytemplate].pc_entitytype",
			"blueprint": "[assembly:/_pro/design/logic/valuebool.template?/valuebool_operation.entitytemplate].pc_entityblueprint",
			"properties": {
				"m_aValues": {
					"type": "TArray<SEntityTemplateReference>",
					"value": ["321301c861a94250", "f4f993dcfcd4cac0"]
				}
			},
			"events": { "OnTrue": { "SetTrue": ["a4fbf545325bd596"] } }
		},
		"6fa6ab3f3153c20d": {
			"parent": "aa6b31cb3e12bdfc",
			"name": "EnableConditions",
			"factory": "[assembly:/_pro/design/actor/spsystem.template?/enableconditions.entitytemplate].pc_entitytype",
			"blueprint": "[assembly:/_pro/design/actor/spsystem.template?/enableconditions.entitytemplate].pc_entityblueprint",
			"properties": {
				"m_aValues": {
					"type": "TArray<SEntityTemplateReference>",
					"value": ["f8d600293cf1b7bc", "6ddeedf735bdc0ba"],
					"postInit": true
				}
			}
		},
		"8000e6efcedde289": {
			"parent": "aa6b31cb3e12bdfc",
			"name": "Vendor can see 47 nearby",
			"factory": "[assembly:/_pro/design/actor/spsystem.template?/enableconditions.entitytemplate].pc_entitytype",
			"blueprint": "[assembly:/_pro/design/actor/spsystem.template?/enableconditions.entitytemplate].pc_entityblueprint",
			"properties": {
				"m_rActor": {
					"type": "SEntityTemplateReference",
					"value": null
				},
				"m_aValues": {
					"type": "TArray<SEntityTemplateReference>",
					"value": ["062760b6b2e5e3da", "a4fbf545325bd596"],
					"postInit": true
				}
			},
			"inputCopying": {
				"Disable": { "SetFalse": ["a4fbf545325bd596"] }
			},
			"propertyAliases": {
				"m_rActor": [
					{
						"originalProperty": "m_rActor",
						"originalEntity": "321301c861a94250"
					},
					{
						"originalProperty": "m_rSpatial1",
						"originalEntity": "f4f993dcfcd4cac0"
					}
				]
			}
		},
		"aa6b31cb3e12bdfc": {
			"parent": null,
			"name": "Setpiece_Evergreen_Supplier",
			"factory": "[modules:/zcompositeentity.class].pc_entitytype",
			"blueprint": "[modules:/zcompositeentity.class].pc_entityblueprint",
			"inputCopying": {
				"ReturnHitmanToEntrance": {
					"Enable": ["ea274d3b30db53bd"],
					"Disable": ["8000e6efcedde289"],
					"SetFalse": ["cdbcc86127940763"]
				},
				"SetTrue": { "Set": ["bfc021574703d396"] },
				"SetBusy": { "SetTrue": ["cafe610b83e25c05"] }
			},
			"propertyAliases": {
				"m_rActorProvider": [
					{
						"originalProperty": "m_rActor",
						"originalEntity": "8000e6efcedde289"
					},
					{
						"originalProperty": "m_pActor",
						"originalEntity": "bfc021574703d396"
					}
				],
				"m_rPromptDescriptionTextResource": [],
				"m_pAudioEvent_47": [],
				"m_pAudioEvent_Hello": [],
				"m_pAudioEvent_Goodbye": []
			}
		},
		"cafe610b83e25c05": {
			"parent": "aa6b31cb3e12bdfc",
			"name": "Any decor changed",
			"factory": "[assembly:/_pro/design/logic/valuebool.template?/valuebool_basic.entitytemplate].pc_entitytype",
			"blueprint": "[assembly:/_pro/design/logic/valuebool.template?/valuebool_basic.entitytemplate].pc_entityblueprint",
			"properties": {
				"m_bValue": { "type": "bool", "value": false }
			}
		}
	},
	"propertyOverrides": [],
	"overrideDeletes": [],
	"pinConnectionOverrides": [],
	"pinConnectionOverrideDeletes": [],
	"externalScenes": [],
	"subType": "template",
	"quickEntityVersion": 3.1,
	"extraFactoryDependencies": [
		{
			"resource": "[assembly:/animationnetworks/actors/acts/generic/stand/mr_stand_armscrossed.aln].pc_rtn",
			"flag": "9F"
		}
	],
	"extraBlueprintDependencies": [],
	"comments": []
}
